{
    "A09": {
        "accuracy": 0.4154929577464789,
        "balanced_accuracy": 0.41577520679633356,
        "precision": 0.42030489069625454,
        "recall": 0.41577520679633356,
        "specificity": 0.805073667775181,
        "f1_score": 0.3580810241238482,
        "cohen_kappa": 0.22051553380400457,
        "roc_auc": 0.6858449610202273,
        "pr_auc": 0.42323826726284236,
        "inference_latency_ms": 4.2717893358687276,
        "memory_usage_mb": 148.796875,
        "gpu_utilization_mb": 0.0,
        "train_time_sec": 3.2783098220825195
    }
}